repo_name,easy_file,hard_file
apache/sis,core/sis-metadata/src/main/java/org/apache/sis/metadata/iso/extent/Extents.java,core/sis-metadata/src/main/java/org/apache/sis/metadata/iso/DefaultMetadata.java
apache/sis,core/sis-utility/src/main/java/org/apache/sis/internal/util/DefinitionURI.java,core/sis-metadata/src/main/java/org/apache/sis/metadata/iso/DefaultMetadata.java
apache/sis,core/sis-utility/src/main/java/org/apache/sis/math/MathFunctions.java,core/sis-metadata/src/main/java/org/apache/sis/metadata/iso/DefaultMetadata.java
apache/sis,core/sis-metadata/src/main/java/org/apache/sis/metadata/iso/identification/DefaultRepresentativeFraction.java,core/sis-metadata/src/main/java/org/apache/sis/metadata/iso/DefaultMetadata.java
apache/sis,core/sis-utility/src/main/java/org/apache/sis/internal/util/DoubleDouble.java,core/sis-metadata/src/main/java/org/apache/sis/metadata/iso/DefaultMetadata.java
apache/sis,core/sis-utility/src/main/java/org/apache/sis/measure/Units.java,core/sis-metadata/src/main/java/org/apache/sis/metadata/iso/DefaultMetadata.java
apache/sis,core/sis-utility/src/main/java/org/apache/sis/util/resources/Errors.java,core/sis-metadata/src/main/java/org/apache/sis/metadata/iso/DefaultMetadata.java
apache/sis,core/sis-referencing/src/main/java/org/apache/sis/referencing/CRS.java,core/sis-metadata/src/main/java/org/apache/sis/metadata/iso/DefaultMetadata.java
apache/sis,core/sis-referencing/src/main/java/org/apache/sis/parameter/TensorParameters.java,core/sis-referencing/src/main/java/org/apache/sis/referencing/crs/AbstractCRS.java
apache/sis,core/sis-referencing/src/main/java/org/apache/sis/referencing/operation/transform/MathTransforms.java,core/sis-referencing/src/main/java/org/apache/sis/referencing/crs/AbstractCRS.java
apache/sis,core/sis-referencing/src/main/java/org/apache/sis/referencing/operation/transform/AbstractMathTransform.java,core/sis-referencing/src/main/java/org/apache/sis/referencing/crs/AbstractCRS.java
apache/sis,core/sis-referencing/src/main/java/org/apache/sis/referencing/operation/projection/ZonedGridSystem.java,storage/sis-storage/src/main/java/org/apache/sis/internal/storage/folder/Store.java
apache/sis,core/sis-referencing/src/main/java/org/apache/sis/parameter/TensorParameters.java,core/sis-referencing/src/main/java/org/apache/sis/referencing/crs/DefaultImageCRS.java
apache/sis,core/sis-referencing/src/main/java/org/apache/sis/referencing/operation/transform/AbstractMathTransform.java,core/sis-referencing/src/main/java/org/apache/sis/referencing/crs/DefaultImageCRS.java
apache/sis,core/sis-referencing/src/main/java/org/apache/sis/referencing/operation/transform/MathTransforms.java,core/sis-referencing/src/main/java/org/apache/sis/referencing/crs/DefaultImageCRS.java
apache/sis,storage/sis-storage/src/main/java/org/apache/sis/storage/aggregate/ConcatenatedGridResource.java,core/sis-feature/src/main/java/org/apache/sis/internal/processing/isoline/Fragments.java
apache/sis,storage/sis-storage/src/main/java/org/apache/sis/internal/storage/aggregate/AggregatedFeatureSet.java,core/sis-feature/src/main/java/org/apache/sis/internal/processing/isoline/Fragments.java
apache/sis,core/sis-feature/src/main/java/org/apache/sis/coverage/grid/DefaultEvaluator.java,core/sis-feature/src/main/java/org/apache/sis/internal/processing/isoline/Fragments.java
apache/sis,storage/sis-storage/src/main/java/org/apache/sis/storage/aggregate/ConcatenatedGridCoverage.java,core/sis-feature/src/main/java/org/apache/sis/internal/processing/isoline/Fragments.java
apache/sis,storage/sis-storage/src/main/java/org/apache/sis/storage/aggregate/GroupAggregate.java,core/sis-feature/src/main/java/org/apache/sis/internal/processing/isoline/Fragments.java
apache/sis,storage/sis-storage/src/main/java/org/apache/sis/internal/storage/image/WorldFileResource.java,core/sis-feature/src/main/java/org/apache/sis/internal/processing/isoline/Fragments.java
apache/sis,core/sis-referencing/src/main/java/org/apache/sis/referencing/operation/projection/AuthalicMercator.java,core/sis-feature/src/main/java/org/apache/sis/internal/processing/isoline/Fragments.java
apache/sis,storage/sis-storage/src/main/java/org/apache/sis/internal/storage/aggregate/GroupByTransform.java,core/sis-feature/src/main/java/org/apache/sis/internal/processing/isoline/Fragments.java
apache/sis,storage/sis-storage/src/main/java/org/apache/sis/internal/storage/aggregate/ConcatenatedFeatureSet.java,core/sis-feature/src/main/java/org/apache/sis/internal/processing/isoline/Fragments.java
apache/sis,core/sis-feature/src/main/java/org/apache/sis/coverage/grid/TranslatedGridCoverage.java,core/sis-feature/src/main/java/org/apache/sis/internal/processing/isoline/Fragments.java
apache/sis,core/sis-referencing/src/main/java/org/apache/sis/referencing/operation/projection/LambertAzimuthalEqualArea.java,core/sis-feature/src/main/java/org/apache/sis/internal/processing/isoline/Fragments.java
apache/sis,storage/sis-storage/src/main/java/org/apache/sis/storage/aggregate/MergeStrategy.java,core/sis-feature/src/main/java/org/apache/sis/internal/processing/isoline/Fragments.java
apache/sis,storage/sis-storage/src/main/java/org/apache/sis/internal/storage/aggregate/package-info.java,core/sis-feature/src/main/java/org/apache/sis/internal/processing/isoline/Fragments.java
apache/sis,storage/sis-storage/src/main/java/org/apache/sis/internal/storage/aggregate/ConcatenatedGridCoverage.java,core/sis-feature/src/main/java/org/apache/sis/internal/processing/isoline/Fragments.java
apache/sis,core/sis-feature/src/main/java/org/apache/sis/coverage/grid/EvaluatorWrapper.java,core/sis-feature/src/main/java/org/apache/sis/internal/processing/isoline/Fragments.java
apache/sis,storage/sis-storage/src/main/java/org/apache/sis/internal/storage/aggregate/JoinFeatureSet.java,core/sis-feature/src/main/java/org/apache/sis/internal/processing/isoline/Fragments.java
apache/sis,core/sis-referencing/src/main/java/org/apache/sis/parameter/TensorParameters.java,core/sis-referencing/src/main/java/org/apache/sis/referencing/crs/DefaultGeodeticCRS.java
apache/sis,core/sis-referencing/src/main/java/org/apache/sis/referencing/operation/transform/AbstractMathTransform.java,core/sis-referencing/src/main/java/org/apache/sis/referencing/crs/DefaultGeodeticCRS.java
apache/sis,core/sis-referencing/src/main/java/org/apache/sis/referencing/operation/transform/MathTransforms.java,core/sis-referencing/src/main/java/org/apache/sis/referencing/crs/DefaultGeodeticCRS.java
apache/sis,core/sis-referencing/src/main/java/org/apache/sis/referencing/operation/transform/AbstractMathTransform.java,core/sis-referencing/src/main/java/org/apache/sis/referencing/crs/DefaultEngineeringCRS.java
apache/sis,core/sis-referencing/src/main/java/org/apache/sis/referencing/operation/transform/MathTransforms.java,core/sis-referencing/src/main/java/org/apache/sis/referencing/crs/DefaultEngineeringCRS.java
apache/sis,core/sis-referencing/src/main/java/org/apache/sis/parameter/TensorParameters.java,core/sis-referencing/src/main/java/org/apache/sis/referencing/crs/DefaultEngineeringCRS.java
apache/sis,core/sis-referencing/src/main/java/org/apache/sis/referencing/operation/projection/NormalizedProjection.java,core/sis-referencing/src/main/java/org/apache/sis/internal/referencing/provider/Molodensky.java
apache/sis,core/sis-referencing/src/main/java/org/apache/sis/referencing/operation/projection/Mercator.java,core/sis-referencing/src/main/java/org/apache/sis/internal/referencing/provider/Molodensky.java
apache/sis,core/sis-referencing/src/main/java/org/apache/sis/referencing/operation/DefaultCoordinateOperationFactory.java,core/sis-referencing/src/main/java/org/apache/sis/internal/referencing/provider/Molodensky.java
apache/sis,core/sis-referencing/src/main/java/org/apache/sis/referencing/operation/projection/LambertConicConformal.java,core/sis-referencing/src/main/java/org/apache/sis/internal/referencing/provider/Molodensky.java
apache/sis,core/sis-referencing/src/main/java/org/apache/sis/referencing/operation/projection/PolarStereographic.java,core/sis-referencing/src/main/java/org/apache/sis/internal/referencing/provider/Molodensky.java
apache/sis,core/sis-referencing/src/main/java/org/apache/sis/referencing/operation/transform/EllipsoidToCentricTransform.java,core/sis-referencing/src/main/java/org/apache/sis/internal/referencing/provider/Molodensky.java
apache/sis,core/sis-referencing/src/main/java/org/apache/sis/referencing/operation/projection/TransverseMercator.java,core/sis-referencing/src/main/java/org/apache/sis/internal/referencing/provider/Molodensky.java
apache/sis,core/sis-referencing/src/main/java/org/apache/sis/referencing/operation/projection/Mercator.java,core/sis-referencing/src/main/java/org/apache/sis/internal/referencing/provider/GeographicToGeocentric.java
apache/sis,core/sis-referencing/src/main/java/org/apache/sis/referencing/operation/projection/NormalizedProjection.java,core/sis-referencing/src/main/java/org/apache/sis/internal/referencing/provider/GeographicToGeocentric.java
apache/sis,core/sis-referencing/src/main/java/org/apache/sis/referencing/operation/projection/TransverseMercator.java,core/sis-referencing/src/main/java/org/apache/sis/internal/referencing/provider/GeographicToGeocentric.java
apache/sis,core/sis-referencing/src/main/java/org/apache/sis/referencing/operation/projection/LambertConicConformal.java,core/sis-referencing/src/main/java/org/apache/sis/internal/referencing/provider/GeographicToGeocentric.java
apache/sis,core/sis-referencing/src/main/java/org/apache/sis/referencing/operation/projection/PolarStereographic.java,core/sis-referencing/src/main/java/org/apache/sis/internal/referencing/provider/GeographicToGeocentric.java
apache/sis,core/sis-referencing/src/main/java/org/apache/sis/referencing/operation/transform/EllipsoidToCentricTransform.java,core/sis-referencing/src/main/java/org/apache/sis/internal/referencing/provider/GeographicToGeocentric.java
apache/sis,core/sis-referencing/src/main/java/org/apache/sis/referencing/operation/DefaultCoordinateOperationFactory.java,core/sis-referencing/src/main/java/org/apache/sis/internal/referencing/provider/GeographicToGeocentric.java
apache/sis,core/sis-referencing/src/main/java/org/apache/sis/referencing/operation/projection/PolarStereographic.java,core/sis-referencing/src/main/java/org/apache/sis/internal/referencing/provider/FranceGeocentricInterpolation.java
apache/sis,core/sis-referencing/src/main/java/org/apache/sis/referencing/operation/transform/EllipsoidToCentricTransform.java,core/sis-referencing/src/main/java/org/apache/sis/internal/referencing/provider/FranceGeocentricInterpolation.java
apache/sis,core/sis-referencing/src/main/java/org/apache/sis/referencing/operation/projection/TransverseMercator.java,core/sis-referencing/src/main/java/org/apache/sis/internal/referencing/provider/FranceGeocentricInterpolation.java
apache/sis,core/sis-referencing/src/main/java/org/apache/sis/referencing/operation/projection/NormalizedProjection.java,core/sis-referencing/src/main/java/org/apache/sis/internal/referencing/provider/FranceGeocentricInterpolation.java
apache/sis,core/sis-referencing/src/main/java/org/apache/sis/referencing/operation/projection/Mercator.java,core/sis-referencing/src/main/java/org/apache/sis/internal/referencing/provider/FranceGeocentricInterpolation.java
apache/sis,core/sis-referencing/src/main/java/org/apache/sis/referencing/operation/DefaultCoordinateOperationFactory.java,core/sis-referencing/src/main/java/org/apache/sis/internal/referencing/provider/FranceGeocentricInterpolation.java
apache/sis,core/sis-referencing/src/main/java/org/apache/sis/referencing/operation/projection/LambertConicConformal.java,core/sis-referencing/src/main/java/org/apache/sis/internal/referencing/provider/FranceGeocentricInterpolation.java
apache/sis,core/sis-referencing/src/main/java/org/apache/sis/referencing/operation/projection/TransverseMercator.java,core/sis-referencing/src/main/java/org/apache/sis/referencing/operation/transform/DefaultMathTransformFactory.java
apache/sis,core/sis-referencing/src/main/java/org/apache/sis/referencing/operation/transform/EllipsoidToCentricTransform.java,core/sis-referencing/src/main/java/org/apache/sis/referencing/operation/transform/DefaultMathTransformFactory.java
apache/sis,core/sis-referencing/src/main/java/org/apache/sis/referencing/operation/projection/Mercator.java,core/sis-referencing/src/main/java/org/apache/sis/referencing/operation/transform/DefaultMathTransformFactory.java
apache/sis,core/sis-referencing/src/main/java/org/apache/sis/referencing/operation/DefaultCoordinateOperationFactory.java,core/sis-referencing/src/main/java/org/apache/sis/referencing/operation/transform/DefaultMathTransformFactory.java
apache/sis,core/sis-referencing/src/main/java/org/apache/sis/referencing/operation/projection/NormalizedProjection.java,core/sis-referencing/src/main/java/org/apache/sis/referencing/operation/transform/DefaultMathTransformFactory.java
apache/sis,core/sis-referencing/src/main/java/org/apache/sis/referencing/operation/projection/PolarStereographic.java,core/sis-referencing/src/main/java/org/apache/sis/referencing/operation/transform/DefaultMathTransformFactory.java
apache/sis,core/sis-referencing/src/main/java/org/apache/sis/referencing/operation/projection/LambertConicConformal.java,core/sis-referencing/src/main/java/org/apache/sis/referencing/operation/transform/DefaultMathTransformFactory.java
apache/sis,core/sis-referencing/src/main/java/org/apache/sis/referencing/operation/projection/TransverseMercator.java,core/sis-referencing/src/main/java/org/apache/sis/internal/referencing/provider/GeocentricAffineBetweenGeographic.java
apache/sis,core/sis-referencing/src/main/java/org/apache/sis/referencing/operation/projection/LambertConicConformal.java,core/sis-referencing/src/main/java/org/apache/sis/internal/referencing/provider/GeocentricAffineBetweenGeographic.java
apache/sis,core/sis-referencing/src/main/java/org/apache/sis/referencing/operation/transform/EllipsoidToCentricTransform.java,core/sis-referencing/src/main/java/org/apache/sis/internal/referencing/provider/GeocentricAffineBetweenGeographic.java
apache/sis,core/sis-referencing/src/main/java/org/apache/sis/referencing/operation/projection/NormalizedProjection.java,core/sis-referencing/src/main/java/org/apache/sis/internal/referencing/provider/GeocentricAffineBetweenGeographic.java
apache/sis,core/sis-referencing/src/main/java/org/apache/sis/referencing/operation/DefaultCoordinateOperationFactory.java,core/sis-referencing/src/main/java/org/apache/sis/internal/referencing/provider/GeocentricAffineBetweenGeographic.java
apache/sis,core/sis-referencing/src/main/java/org/apache/sis/referencing/operation/projection/PolarStereographic.java,core/sis-referencing/src/main/java/org/apache/sis/internal/referencing/provider/GeocentricAffineBetweenGeographic.java
apache/sis,core/sis-referencing/src/main/java/org/apache/sis/referencing/operation/projection/Mercator.java,core/sis-referencing/src/main/java/org/apache/sis/internal/referencing/provider/GeocentricAffineBetweenGeographic.java
BaseXdb/basex,basex-core/src/main/java/org/basex/query/expr/Preds.java,basex-core/src/main/java/org/basex/query/expr/Pos.java
BaseXdb/basex,basex-core/src/main/java/org/basex/query/value/item/Int.java,basex-core/src/main/java/org/basex/query/expr/Pos.java
BaseXdb/basex,basex-core/src/main/java/org/basex/query/expr/Preds.java,basex-core/src/main/java/org/basex/query/expr/Range.java
BaseXdb/basex,basex-core/src/main/java/org/basex/query/value/item/Int.java,basex-core/src/main/java/org/basex/query/expr/Range.java
BaseXdb/basex,basex-core/src/main/java/org/basex/query/func/fn/FnForEach.java,basex-core/src/main/java/org/basex/query/func/fn/FnIndexOf.java
BaseXdb/basex,basex-core/src/main/java/org/basex/query/func/fn/FnSubsequence.java,basex-core/src/main/java/org/basex/query/func/fn/FnIndexOf.java
BaseXdb/basex,basex-core/src/main/java/org/basex/query/expr/path/Path.java,basex-core/src/main/java/org/basex/query/func/fn/FnIndexOf.java
BaseXdb/basex,basex-core/src/main/java/org/basex/query/func/fn/FnReverse.java,basex-core/src/main/java/org/basex/query/func/fn/FnIndexOf.java
BaseXdb/basex,basex-core/src/main/java/org/basex/query/expr/gflwor/GFLWOR.java,basex-core/src/main/java/org/basex/query/func/fn/FnIndexOf.java
BaseXdb/basex,basex-core/src/main/java/org/basex/query/func/array/ArraySort.java,basex-core/src/main/java/org/basex/query/func/fn/FnIndexOf.java
BaseXdb/basex,basex-core/src/main/java/org/basex/query/func/fn/FnTail.java,basex-core/src/main/java/org/basex/query/func/fn/FnIndexOf.java
BaseXdb/basex,basex-core/src/main/java/org/basex/query/func/fn/FnHead.java,basex-core/src/main/java/org/basex/query/func/fn/FnIndexOf.java
BaseXdb/basex,basex-core/src/main/java/org/basex/query/func/fn/FnSort.java,basex-core/src/main/java/org/basex/query/func/fn/FnIndexOf.java
apache/groovy,src/main/java/org/codehaus/groovy/transform/stc/StaticTypeCheckingSupport.java,src/main/java/org/codehaus/groovy/runtime/InvokerHelper.java
gbif/occurrence,occurrence-download/src/main/java/org/gbif/occurrence/download/file/common/DownloadFileUtils.java,occurrence-download/src/main/java/org/gbif/occurrence/download/oozie/DownloadPrepareAction.java
gbif/occurrence,occurrence-download/src/main/java/org/gbif/occurrence/download/file/dwca/DwcArchiveUtils.java,occurrence-download/src/main/java/org/gbif/occurrence/download/oozie/DownloadPrepareAction.java
gbif/occurrence,occurrence-download/src/main/java/org/gbif/occurrence/download/file/dwca/DownloadDwcaActor.java,occurrence-download/src/main/java/org/gbif/occurrence/download/oozie/DownloadPrepareAction.java
gbif/occurrence,occurrence-download/src/main/java/org/gbif/occurrence/download/file/dwca/DwcArchiveUtils.java,occurrence-download/src/main/java/org/gbif/occurrence/download/file/DownloadJobConfiguration.java
gbif/occurrence,occurrence-download/src/main/java/org/gbif/occurrence/download/file/common/DownloadFileUtils.java,occurrence-download/src/main/java/org/gbif/occurrence/download/file/DownloadJobConfiguration.java
gbif/occurrence,occurrence-download/src/main/java/org/gbif/occurrence/download/file/dwca/DownloadDwcaActor.java,occurrence-download/src/main/java/org/gbif/occurrence/download/file/DownloadJobConfiguration.java
raphw/byte-buddy,byte-buddy-gradle-plugin/android-plugin/src/main/java/net/bytebuddy/build/gradle/android/connector/adapter/current/CurrentAdapter.java,byte-buddy-gradle-plugin/android-plugin/src/main/java/net/bytebuddy/build/gradle/android/utils/BytebuddyDependenciesHandler.java
freeplane/freeplane,freeplane/src/main/java/org/freeplane/features/styles/mindmapmode/MLogicalStyleController.java,freeplane/src/main/java/org/freeplane/view/swing/map/NodeView.java
jpmml/jpmml-sklearn,pmml-sklearn-extension/src/main/java/tpot/builtins/StackingEstimator.java,pmml-sklearn/src/main/java/sklearn/neighbors/KNeighborsUtil.java
jpmml/jpmml-sklearn,pmml-sklearn/src/main/java/sklearn2pmml/pipeline/PMMLPipeline.java,pmml-sklearn/src/main/java/sklearn/neighbors/KNeighborsUtil.java
jpmml/jpmml-sklearn,pmml-sklearn-extension/src/main/java/sklego/meta/EstimatorTransformer.java,pmml-sklearn/src/main/java/sklearn/neighbors/KNeighborsUtil.java
jpmml/jpmml-sklearn,pmml-sklearn-extension/src/main/java/sklego/meta/EstimatorTransformer.java,pmml-sklearn/src/main/java/sklearn/neighbors/KNeighborsRegressor.java
jpmml/jpmml-sklearn,pmml-sklearn-extension/src/main/java/tpot/builtins/StackingEstimator.java,pmml-sklearn/src/main/java/sklearn/neighbors/KNeighborsRegressor.java
jpmml/jpmml-sklearn,pmml-sklearn/src/main/java/sklearn2pmml/pipeline/PMMLPipeline.java,pmml-sklearn/src/main/java/sklearn/neighbors/KNeighborsRegressor.java
jpmml/jpmml-sklearn,pmml-sklearn-extension/src/main/java/tpot/builtins/StackingEstimator.java,pmml-sklearn/src/main/java/sklearn/neighbors/KNeighborsClassifier.java
jpmml/jpmml-sklearn,pmml-sklearn/src/main/java/sklearn2pmml/pipeline/PMMLPipeline.java,pmml-sklearn/src/main/java/sklearn/neighbors/KNeighborsClassifier.java
jpmml/jpmml-sklearn,pmml-sklearn-extension/src/main/java/sklego/meta/EstimatorTransformer.java,pmml-sklearn/src/main/java/sklearn/neighbors/KNeighborsClassifier.java
BiglySoftware/BiglyBT,core/src/com/biglybt/core/download/impl/DownloadManagerImpl.java,core/src/com/biglybt/core/disk/impl/DiskManagerImpl.java
BiglySoftware/BiglyBT,core/src/com/biglybt/core/peer/impl/control/PEPeerControlImpl.java,core/src/com/biglybt/core/disk/impl/DiskManagerImpl.java
BiglySoftware/BiglyBT,core/src/com/biglybt/core/download/impl/DownloadManagerImpl.java,uis/src/com/biglybt/ui/swt/columns/torrent/ColumnProgressETA.java
BiglySoftware/BiglyBT,core/src/com/biglybt/core/peer/impl/control/PEPeerControlImpl.java,uis/src/com/biglybt/ui/swt/columns/torrent/ColumnProgressETA.java
Brian-Wuest/MC-Prefab,src/main/java/com/wuest/prefab/gui/GuiLangKeys.java,src/main/java/com/wuest/prefab/config/ModConfiguration.java
bozimmerman/CoffeeMud,com/planet_ink/coffee_mud/Abilities/StdAbility.java,com/planet_ink/coffee_mud/application/MUD.java
bozimmerman/CoffeeMud,com/planet_ink/coffee_mud/Libraries/interfaces/ShoppingLibrary.java,com/planet_ink/coffee_mud/Libraries/CoffeeMaker.java
bozimmerman/CoffeeMud,com/planet_ink/coffee_mud/Libraries/interfaces/ShoppingLibrary.java,com/planet_ink/coffee_mud/Libraries/CharCreation.java
bozimmerman/CoffeeMud,com/planet_ink/coffee_mud/Abilities/Fighter/FighterGrappleSkill.java,com/planet_ink/coffee_mud/Common/DefaultTriggerer.java
dernasherbrezon/r2cloud,src/main/java/ru/r2cloud/model/Transmitter.java,src/main/java/ru/r2cloud/cloud/SatnogsClient.java
hartwigmedical/hmftools,patient-db/src/main/java/com/hartwig/hmftools/patientdb/FileDbLoadChecker.java,sv-prep/src/main/java/com/hartwig/hmftools/svprep/SvConfig.java
hartwigmedical/hmftools,purple/src/main/java/com/hartwig/hmftools/purple/tools/HrdDetectionAnalyser.java,sv-prep/src/main/java/com/hartwig/hmftools/svprep/SvConfig.java
hartwigmedical/hmftools,sv-prep/src/main/java/com/hartwig/hmftools/svprep/reads/ReadRecord.java,sv-prep/src/main/java/com/hartwig/hmftools/svprep/SvConfig.java
hartwigmedical/hmftools,sv-prep/src/main/java/com/hartwig/hmftools/svprep/reads/ReadRecord.java,sv-prep/src/main/java/com/hartwig/hmftools/svprep/SvConstants.java
hartwigmedical/hmftools,patient-db/src/main/java/com/hartwig/hmftools/patientdb/FileDbLoadChecker.java,sv-prep/src/main/java/com/hartwig/hmftools/svprep/SvConstants.java
hartwigmedical/hmftools,purple/src/main/java/com/hartwig/hmftools/purple/tools/HrdDetectionAnalyser.java,sv-prep/src/main/java/com/hartwig/hmftools/svprep/SvConstants.java
hartwigmedical/hmftools,purple/src/main/java/com/hartwig/hmftools/purple/tools/HrdDetectionAnalyser.java,sv-prep/src/main/java/com/hartwig/hmftools/svprep/ResultsWriter.java
hartwigmedical/hmftools,patient-db/src/main/java/com/hartwig/hmftools/patientdb/FileDbLoadChecker.java,sv-prep/src/main/java/com/hartwig/hmftools/svprep/ResultsWriter.java
hartwigmedical/hmftools,sv-prep/src/main/java/com/hartwig/hmftools/svprep/reads/ReadRecord.java,sv-prep/src/main/java/com/hartwig/hmftools/svprep/ResultsWriter.java
hartwigmedical/hmftools,sv-prep/src/main/java/com/hartwig/hmftools/svprep/reads/ReadRecord.java,sv-prep/src/main/java/com/hartwig/hmftools/svprep/SpanningReadCache.java
hartwigmedical/hmftools,purple/src/main/java/com/hartwig/hmftools/purple/tools/HrdDetectionAnalyser.java,sv-prep/src/main/java/com/hartwig/hmftools/svprep/SpanningReadCache.java
hartwigmedical/hmftools,patient-db/src/main/java/com/hartwig/hmftools/patientdb/FileDbLoadChecker.java,sv-prep/src/main/java/com/hartwig/hmftools/svprep/SpanningReadCache.java
hartwigmedical/hmftools,patient-db/src/main/java/com/hartwig/hmftools/patientdb/FileDbLoadChecker.java,sv-prep/src/main/java/com/hartwig/hmftools/svprep/SvPrepApplication.java
hartwigmedical/hmftools,sv-prep/src/main/java/com/hartwig/hmftools/svprep/reads/ReadRecord.java,sv-prep/src/main/java/com/hartwig/hmftools/svprep/SvPrepApplication.java
hartwigmedical/hmftools,purple/src/main/java/com/hartwig/hmftools/purple/tools/HrdDetectionAnalyser.java,sv-prep/src/main/java/com/hartwig/hmftools/svprep/SvPrepApplication.java
hartwigmedical/hmftools,purple/src/main/java/com/hartwig/hmftools/purple/tools/HrdDetectionAnalyser.java,sv-prep/src/main/java/com/hartwig/hmftools/svprep/reads/PartitionSlicer.java
hartwigmedical/hmftools,patient-db/src/main/java/com/hartwig/hmftools/patientdb/FileDbLoadChecker.java,sv-prep/src/main/java/com/hartwig/hmftools/svprep/reads/PartitionSlicer.java
hartwigmedical/hmftools,sv-prep/src/main/java/com/hartwig/hmftools/svprep/reads/ReadRecord.java,sv-prep/src/main/java/com/hartwig/hmftools/svprep/reads/PartitionSlicer.java
hartwigmedical/hmftools,patient-db/src/main/java/com/hartwig/hmftools/patientdb/FileDbLoadChecker.java,sv-prep/src/main/java/com/hartwig/hmftools/svprep/reads/PartitionThread.java
hartwigmedical/hmftools,purple/src/main/java/com/hartwig/hmftools/purple/tools/HrdDetectionAnalyser.java,sv-prep/src/main/java/com/hartwig/hmftools/svprep/reads/PartitionThread.java
hartwigmedical/hmftools,sv-prep/src/main/java/com/hartwig/hmftools/svprep/reads/ReadRecord.java,sv-prep/src/main/java/com/hartwig/hmftools/svprep/reads/PartitionThread.java
axkr/symja_android_library,symja_android_library/matheclipse-core/src/main/java/org/matheclipse/core/builtin/SpecialFunctions.java,symja_android_library/matheclipse-core/src/main/java/org/matheclipse/core/builtin/LinearAlgebra.java
axkr/symja_android_library,symja_android_library/matheclipse-core/src/main/java/org/matheclipse/core/builtin/SpecialFunctions.java,symja_android_library/matheclipse-core/src/main/java/org/matheclipse/core/builtin/TensorFunctions.java
henrichg/PhoneProfilesPlus,phoneProfilesPlus/src/main/java/sk/henrichg/phoneprofilesplus/BackgroundActivateProfileActivity.java,phoneProfilesPlus/src/main/java/sk/henrichg/phoneprofilesplus/Profile.java
henrichg/PhoneProfilesPlus,phoneProfilesPlus/src/main/java/sk/henrichg/phoneprofilesplus/EditorProfileListFragment.java,phoneProfilesPlus/src/main/java/sk/henrichg/phoneprofilesplus/Profile.java
henrichg/PhoneProfilesPlus,phoneProfilesPlus/src/main/java/sk/henrichg/phoneprofilesplus/OneRowWidgetProvider.java,phoneProfilesPlus/src/main/java/sk/henrichg/phoneprofilesplus/Profile.java
henrichg/PhoneProfilesPlus,phoneProfilesPlus/src/main/java/sk/henrichg/phoneprofilesplus/EventPreferencesCall.java,phoneProfilesPlus/src/main/java/sk/henrichg/phoneprofilesplus/Profile.java
henrichg/PhoneProfilesPlus,phoneProfilesPlus/src/main/java/sk/henrichg/phoneprofilesplus/LauncherActivity.java,phoneProfilesPlus/src/main/java/sk/henrichg/phoneprofilesplus/Profile.java
henrichg/PhoneProfilesPlus,phoneProfilesPlus/src/main/java/sk/henrichg/phoneprofilesplus/EventPreferencesScreen.java,phoneProfilesPlus/src/main/java/sk/henrichg/phoneprofilesplus/Profile.java
henrichg/PhoneProfilesPlus,phoneProfilesPlus/src/main/java/sk/henrichg/phoneprofilesplus/DatabaseHandler.java,phoneProfilesPlus/src/main/java/sk/henrichg/phoneprofilesplus/Profile.java
henrichg/PhoneProfilesPlus,phoneProfilesPlus/src/main/java/sk/henrichg/phoneprofilesplus/EditorEventListFragment.java,phoneProfilesPlus/src/main/java/sk/henrichg/phoneprofilesplus/Profile.java
henrichg/PhoneProfilesPlus,phoneProfilesPlus/src/main/java/sk/henrichg/phoneprofilesplus/SMSEventEndBroadcastReceiver.java,phoneProfilesPlus/src/main/java/sk/henrichg/phoneprofilesplus/Profile.java
henrichg/PhoneProfilesPlus,phoneProfilesPlus/src/main/java/sk/henrichg/phoneprofilesplus/DataWrapper.java,phoneProfilesPlus/src/main/java/sk/henrichg/phoneprofilesplus/Profile.java
henrichg/PhoneProfilesPlus,phoneProfilesPlus/src/main/java/sk/henrichg/phoneprofilesplus/ProfileListWidgetProvider.java,phoneProfilesPlus/src/main/java/sk/henrichg/phoneprofilesplus/Profile.java
henrichg/PhoneProfilesPlus,phoneProfilesPlus/src/main/java/sk/henrichg/phoneprofilesplus/AlarmClockBroadcastReceiver.java,phoneProfilesPlus/src/main/java/sk/henrichg/phoneprofilesplus/Profile.java
henrichg/PhoneProfilesPlus,phoneProfilesPlus/src/main/java/sk/henrichg/phoneprofilesplus/GrantPermissionActivity.java,phoneProfilesPlus/src/main/java/sk/henrichg/phoneprofilesplus/Profile.java
henrichg/PhoneProfilesPlus,phoneProfilesPlus/src/main/java/sk/henrichg/phoneprofilesplus/NotificationEventEndBroadcastReceiver.java,phoneProfilesPlus/src/main/java/sk/henrichg/phoneprofilesplus/Profile.java
henrichg/PhoneProfilesPlus,phoneProfilesPlus/src/main/java/sk/henrichg/phoneprofilesplus/ProfileDurationAlarmBroadcastReceiver.java,phoneProfilesPlus/src/main/java/sk/henrichg/phoneprofilesplus/Profile.java
henrichg/PhoneProfilesPlus,phoneProfilesPlus/src/main/java/sk/henrichg/phoneprofilesplus/EventPreferencesApplication.java,phoneProfilesPlus/src/main/java/sk/henrichg/phoneprofilesplus/Profile.java
henrichg/PhoneProfilesPlus,phoneProfilesPlus/src/main/java/sk/henrichg/phoneprofilesplus/BluetoothLEScanCallback21.java,phoneProfilesPlus/src/main/java/sk/henrichg/phoneprofilesplus/Profile.java
henrichg/PhoneProfilesPlus,phoneProfilesPlus/src/main/java/sk/henrichg/phoneprofilesplus/ContactGroupsCache.java,phoneProfilesPlus/src/main/java/sk/henrichg/phoneprofilesplus/Profile.java
henrichg/PhoneProfilesPlus,phoneProfilesPlus/src/main/java/sk/henrichg/phoneprofilesplus/EventPreferencesWifi.java,phoneProfilesPlus/src/main/java/sk/henrichg/phoneprofilesplus/Profile.java
henrichg/PhoneProfilesPlus,phoneProfilesPlus/src/main/java/sk/henrichg/phoneprofilesplus/EventPreferencesSMS.java,phoneProfilesPlus/src/main/java/sk/henrichg/phoneprofilesplus/Profile.java
henrichg/PhoneProfilesPlus,phoneProfilesPlus/src/main/java/sk/henrichg/phoneprofilesplus/LauncherActivity.java,phoneProfilesPlus/src/main/java/sk/henrichg/phoneprofilesplus/Permissions.java
henrichg/PhoneProfilesPlus,phoneProfilesPlus/src/main/java/sk/henrichg/phoneprofilesplus/BluetoothLEScanCallback21.java,phoneProfilesPlus/src/main/java/sk/henrichg/phoneprofilesplus/Permissions.java
henrichg/PhoneProfilesPlus,phoneProfilesPlus/src/main/java/sk/henrichg/phoneprofilesplus/EventPreferencesWifi.java,phoneProfilesPlus/src/main/java/sk/henrichg/phoneprofilesplus/Permissions.java
henrichg/PhoneProfilesPlus,phoneProfilesPlus/src/main/java/sk/henrichg/phoneprofilesplus/EventPreferencesSMS.java,phoneProfilesPlus/src/main/java/sk/henrichg/phoneprofilesplus/Permissions.java
henrichg/PhoneProfilesPlus,phoneProfilesPlus/src/main/java/sk/henrichg/phoneprofilesplus/GrantPermissionActivity.java,phoneProfilesPlus/src/main/java/sk/henrichg/phoneprofilesplus/Permissions.java
henrichg/PhoneProfilesPlus,phoneProfilesPlus/src/main/java/sk/henrichg/phoneprofilesplus/DataWrapper.java,phoneProfilesPlus/src/main/java/sk/henrichg/phoneprofilesplus/Permissions.java
henrichg/PhoneProfilesPlus,phoneProfilesPlus/src/main/java/sk/henrichg/phoneprofilesplus/EditorProfileListFragment.java,phoneProfilesPlus/src/main/java/sk/henrichg/phoneprofilesplus/Permissions.java
henrichg/PhoneProfilesPlus,phoneProfilesPlus/src/main/java/sk/henrichg/phoneprofilesplus/ContactGroupsCache.java,phoneProfilesPlus/src/main/java/sk/henrichg/phoneprofilesplus/Permissions.java
henrichg/PhoneProfilesPlus,phoneProfilesPlus/src/main/java/sk/henrichg/phoneprofilesplus/SMSEventEndBroadcastReceiver.java,phoneProfilesPlus/src/main/java/sk/henrichg/phoneprofilesplus/Permissions.java
henrichg/PhoneProfilesPlus,phoneProfilesPlus/src/main/java/sk/henrichg/phoneprofilesplus/EventPreferencesScreen.java,phoneProfilesPlus/src/main/java/sk/henrichg/phoneprofilesplus/Permissions.java
henrichg/PhoneProfilesPlus,phoneProfilesPlus/src/main/java/sk/henrichg/phoneprofilesplus/ProfileListWidgetProvider.java,phoneProfilesPlus/src/main/java/sk/henrichg/phoneprofilesplus/Permissions.java
henrichg/PhoneProfilesPlus,phoneProfilesPlus/src/main/java/sk/henrichg/phoneprofilesplus/NotificationEventEndBroadcastReceiver.java,phoneProfilesPlus/src/main/java/sk/henrichg/phoneprofilesplus/Permissions.java
henrichg/PhoneProfilesPlus,phoneProfilesPlus/src/main/java/sk/henrichg/phoneprofilesplus/BackgroundActivateProfileActivity.java,phoneProfilesPlus/src/main/java/sk/henrichg/phoneprofilesplus/Permissions.java
henrichg/PhoneProfilesPlus,phoneProfilesPlus/src/main/java/sk/henrichg/phoneprofilesplus/DatabaseHandler.java,phoneProfilesPlus/src/main/java/sk/henrichg/phoneprofilesplus/Permissions.java
henrichg/PhoneProfilesPlus,phoneProfilesPlus/src/main/java/sk/henrichg/phoneprofilesplus/ProfileDurationAlarmBroadcastReceiver.java,phoneProfilesPlus/src/main/java/sk/henrichg/phoneprofilesplus/Permissions.java
henrichg/PhoneProfilesPlus,phoneProfilesPlus/src/main/java/sk/henrichg/phoneprofilesplus/AlarmClockBroadcastReceiver.java,phoneProfilesPlus/src/main/java/sk/henrichg/phoneprofilesplus/Permissions.java
henrichg/PhoneProfilesPlus,phoneProfilesPlus/src/main/java/sk/henrichg/phoneprofilesplus/EventPreferencesApplication.java,phoneProfilesPlus/src/main/java/sk/henrichg/phoneprofilesplus/Permissions.java
henrichg/PhoneProfilesPlus,phoneProfilesPlus/src/main/java/sk/henrichg/phoneprofilesplus/EditorEventListFragment.java,phoneProfilesPlus/src/main/java/sk/henrichg/phoneprofilesplus/Permissions.java
henrichg/PhoneProfilesPlus,phoneProfilesPlus/src/main/java/sk/henrichg/phoneprofilesplus/OneRowWidgetProvider.java,phoneProfilesPlus/src/main/java/sk/henrichg/phoneprofilesplus/Permissions.java
henrichg/PhoneProfilesPlus,phoneProfilesPlus/src/main/java/sk/henrichg/phoneprofilesplus/EventPreferencesCall.java,phoneProfilesPlus/src/main/java/sk/henrichg/phoneprofilesplus/Permissions.java
henrichg/PhoneProfilesPlus,phoneProfilesPlus/src/main/java/sk/henrichg/phoneprofilesplus/GlobalGUIRoutines.java,phoneProfilesPlus/src/main/java/sk/henrichg/phoneprofilesplus/EventsHandler.java
henrichg/PhoneProfilesPlus,phoneProfilesPlus/src/main/java/sk/henrichg/phoneprofilesplus/EventPreferencesRadioSwitch.java,phoneProfilesPlus/src/main/java/sk/henrichg/phoneprofilesplus/EventsHandler.java
henrichg/PhoneProfilesPlus,phoneProfilesPlus/src/main/java/sk/henrichg/phoneprofilesplus/MissedCallEventEndBroadcastReceiver.java,phoneProfilesPlus/src/main/java/sk/henrichg/phoneprofilesplus/EventsHandler.java
henrichg/PhoneProfilesPlus,phoneProfilesPlus/src/main/java/sk/henrichg/phoneprofilesplus/EditorEventListViewHolder.java,phoneProfilesPlus/src/main/java/sk/henrichg/phoneprofilesplus/EventsHandler.java
henrichg/PhoneProfilesPlus,phoneProfilesPlus/src/main/java/sk/henrichg/phoneprofilesplus/StartEventNotificationBroadcastReceiver.java,phoneProfilesPlus/src/main/java/sk/henrichg/phoneprofilesplus/EventsHandler.java
henrichg/PhoneProfilesPlus,phoneProfilesPlus/src/main/java/sk/henrichg/phoneprofilesplus/RunApplicationWithDelayBroadcastReceiver.java,phoneProfilesPlus/src/main/java/sk/henrichg/phoneprofilesplus/EventsHandler.java
henrichg/PhoneProfilesPlus,phoneProfilesPlus/src/main/java/sk/henrichg/phoneprofilesplus/StartEventNotificationBroadcastReceiver.java,phoneProfilesPlus/src/main/java/sk/henrichg/phoneprofilesplus/PPApplication.java
henrichg/PhoneProfilesPlus,phoneProfilesPlus/src/main/java/sk/henrichg/phoneprofilesplus/EditorEventListViewHolder.java,phoneProfilesPlus/src/main/java/sk/henrichg/phoneprofilesplus/PPApplication.java
henrichg/PhoneProfilesPlus,phoneProfilesPlus/src/main/java/sk/henrichg/phoneprofilesplus/EventPreferencesRadioSwitch.java,phoneProfilesPlus/src/main/java/sk/henrichg/phoneprofilesplus/PPApplication.java
henrichg/PhoneProfilesPlus,phoneProfilesPlus/src/main/java/sk/henrichg/phoneprofilesplus/RunApplicationWithDelayBroadcastReceiver.java,phoneProfilesPlus/src/main/java/sk/henrichg/phoneprofilesplus/PPApplication.java
henrichg/PhoneProfilesPlus,phoneProfilesPlus/src/main/java/sk/henrichg/phoneprofilesplus/GlobalGUIRoutines.java,phoneProfilesPlus/src/main/java/sk/henrichg/phoneprofilesplus/PPApplication.java
henrichg/PhoneProfilesPlus,phoneProfilesPlus/src/main/java/sk/henrichg/phoneprofilesplus/MissedCallEventEndBroadcastReceiver.java,phoneProfilesPlus/src/main/java/sk/henrichg/phoneprofilesplus/PPApplication.java
henrichg/PhoneProfilesPlus,phoneProfilesPlus/src/main/java/sk/henrichg/phoneprofilesplus/ActivatorActivity.java,phoneProfilesPlus/src/main/java/sk/henrichg/phoneprofilesplus/ProfileStatic.java
henrichg/PhoneProfilesPlus,phoneProfilesPlus/src/main/java/sk/henrichg/phoneprofilesplus/ActivatorListFragment.java,phoneProfilesPlus/src/main/java/sk/henrichg/phoneprofilesplus/ProfileStatic.java
henrichg/PhoneProfilesPlus,phoneProfilesPlus/src/main/java/sk/henrichg/phoneprofilesplus/PhoneProfilesNotification.java,phoneProfilesPlus/src/main/java/sk/henrichg/phoneprofilesplus/ProfileStatic.java
henrichg/PhoneProfilesPlus,phoneProfilesPlus/src/main/java/sk/henrichg/phoneprofilesplus/DatabaseHandlerImportExport.java,phoneProfilesPlus/src/main/java/sk/henrichg/phoneprofilesplus/ProfileStatic.java
henrichg/PhoneProfilesPlus,phoneProfilesPlus/src/main/java/sk/henrichg/phoneprofilesplus/ActivatedProfileEventBroadcastReceiver.java,phoneProfilesPlus/src/main/java/sk/henrichg/phoneprofilesplus/ProfileStatic.java
henrichg/PhoneProfilesPlus,phoneProfilesPlus/src/main/java/sk/henrichg/phoneprofilesplus/EditorActivity.java,phoneProfilesPlus/src/main/java/sk/henrichg/phoneprofilesplus/ProfileStatic.java
henrichg/PhoneProfilesPlus,phoneProfilesPlus/src/main/java/sk/henrichg/phoneprofilesplus/DataWrapperStatic.java,phoneProfilesPlus/src/main/java/sk/henrichg/phoneprofilesplus/ProfileStatic.java
henrichg/PhoneProfilesPlus,phoneProfilesPlus/src/main/java/sk/henrichg/phoneprofilesplus/DatabaseHandlerEvents.java,phoneProfilesPlus/src/main/java/sk/henrichg/phoneprofilesplus/ProfileStatic.java
henrichg/PhoneProfilesPlus,phoneProfilesPlus/src/main/java/sk/henrichg/phoneprofilesplus/AlarmClockBroadcastReceiver.java,phoneProfilesPlus/src/main/java/sk/henrichg/phoneprofilesplus/BootUpReceiver.java
henrichg/PhoneProfilesPlus,phoneProfilesPlus/src/main/java/sk/henrichg/phoneprofilesplus/DatabaseHandler.java,phoneProfilesPlus/src/main/java/sk/henrichg/phoneprofilesplus/BootUpReceiver.java
henrichg/PhoneProfilesPlus,phoneProfilesPlus/src/main/java/sk/henrichg/phoneprofilesplus/EventPreferencesCall.java,phoneProfilesPlus/src/main/java/sk/henrichg/phoneprofilesplus/BootUpReceiver.java
henrichg/PhoneProfilesPlus,phoneProfilesPlus/src/main/java/sk/henrichg/phoneprofilesplus/EventPreferencesScreen.java,phoneProfilesPlus/src/main/java/sk/henrichg/phoneprofilesplus/BootUpReceiver.java
henrichg/PhoneProfilesPlus,phoneProfilesPlus/src/main/java/sk/henrichg/phoneprofilesplus/BackgroundActivateProfileActivity.java,phoneProfilesPlus/src/main/java/sk/henrichg/phoneprofilesplus/BootUpReceiver.java
henrichg/PhoneProfilesPlus,phoneProfilesPlus/src/main/java/sk/henrichg/phoneprofilesplus/OneRowWidgetProvider.java,phoneProfilesPlus/src/main/java/sk/henrichg/phoneprofilesplus/BootUpReceiver.java
henrichg/PhoneProfilesPlus,phoneProfilesPlus/src/main/java/sk/henrichg/phoneprofilesplus/ProfileDurationAlarmBroadcastReceiver.java,phoneProfilesPlus/src/main/java/sk/henrichg/phoneprofilesplus/BootUpReceiver.java
henrichg/PhoneProfilesPlus,phoneProfilesPlus/src/main/java/sk/henrichg/phoneprofilesplus/GrantPermissionActivity.java,phoneProfilesPlus/src/main/java/sk/henrichg/phoneprofilesplus/BootUpReceiver.java
henrichg/PhoneProfilesPlus,phoneProfilesPlus/src/main/java/sk/henrichg/phoneprofilesplus/DataWrapper.java,phoneProfilesPlus/src/main/java/sk/henrichg/phoneprofilesplus/BootUpReceiver.java
henrichg/PhoneProfilesPlus,phoneProfilesPlus/src/main/java/sk/henrichg/phoneprofilesplus/SMSEventEndBroadcastReceiver.java,phoneProfilesPlus/src/main/java/sk/henrichg/phoneprofilesplus/BootUpReceiver.java
henrichg/PhoneProfilesPlus,phoneProfilesPlus/src/main/java/sk/henrichg/phoneprofilesplus/LauncherActivity.java,phoneProfilesPlus/src/main/java/sk/henrichg/phoneprofilesplus/BootUpReceiver.java
henrichg/PhoneProfilesPlus,phoneProfilesPlus/src/main/java/sk/henrichg/phoneprofilesplus/EventPreferencesApplication.java,phoneProfilesPlus/src/main/java/sk/henrichg/phoneprofilesplus/BootUpReceiver.java
henrichg/PhoneProfilesPlus,phoneProfilesPlus/src/main/java/sk/henrichg/phoneprofilesplus/EventPreferencesWifi.java,phoneProfilesPlus/src/main/java/sk/henrichg/phoneprofilesplus/BootUpReceiver.java
henrichg/PhoneProfilesPlus,phoneProfilesPlus/src/main/java/sk/henrichg/phoneprofilesplus/NotificationEventEndBroadcastReceiver.java,phoneProfilesPlus/src/main/java/sk/henrichg/phoneprofilesplus/BootUpReceiver.java
henrichg/PhoneProfilesPlus,phoneProfilesPlus/src/main/java/sk/henrichg/phoneprofilesplus/ProfileListWidgetProvider.java,phoneProfilesPlus/src/main/java/sk/henrichg/phoneprofilesplus/BootUpReceiver.java
henrichg/PhoneProfilesPlus,phoneProfilesPlus/src/main/java/sk/henrichg/phoneprofilesplus/EventPreferencesSMS.java,phoneProfilesPlus/src/main/java/sk/henrichg/phoneprofilesplus/BootUpReceiver.java
henrichg/PhoneProfilesPlus,phoneProfilesPlus/src/main/java/sk/henrichg/phoneprofilesplus/BluetoothLEScanCallback21.java,phoneProfilesPlus/src/main/java/sk/henrichg/phoneprofilesplus/BootUpReceiver.java
henrichg/PhoneProfilesPlus,phoneProfilesPlus/src/main/java/sk/henrichg/phoneprofilesplus/EditorProfileListFragment.java,phoneProfilesPlus/src/main/java/sk/henrichg/phoneprofilesplus/BootUpReceiver.java
henrichg/PhoneProfilesPlus,phoneProfilesPlus/src/main/java/sk/henrichg/phoneprofilesplus/EditorEventListFragment.java,phoneProfilesPlus/src/main/java/sk/henrichg/phoneprofilesplus/BootUpReceiver.java
henrichg/PhoneProfilesPlus,phoneProfilesPlus/src/main/java/sk/henrichg/phoneprofilesplus/ContactGroupsCache.java,phoneProfilesPlus/src/main/java/sk/henrichg/phoneprofilesplus/BootUpReceiver.java
henrichg/PhoneProfilesPlus,phoneProfilesPlus/src/main/java/sk/henrichg/phoneprofilesplus/AlarmClockEventEndBroadcastReceiver.java,phoneProfilesPlus/src/main/java/sk/henrichg/phoneprofilesplus/PreferenceAllowed.java
henrichg/PhoneProfilesPlus,phoneProfilesPlus/src/main/java/sk/henrichg/phoneprofilesplus/NextAlarmClockBroadcastReceiver.java,phoneProfilesPlus/src/main/java/sk/henrichg/phoneprofilesplus/PreferenceAllowed.java
henrichg/PhoneProfilesPlus,phoneProfilesPlus/src/main/java/sk/henrichg/phoneprofilesplus/ActionForExternalApplicationActivity.java,phoneProfilesPlus/src/main/java/sk/henrichg/phoneprofilesplus/PhoneProfilesService.java
henrichg/PhoneProfilesPlus,phoneProfilesPlus/src/main/java/sk/henrichg/phoneprofilesplus/EventTimeBroadcastReceiver.java,phoneProfilesPlus/src/main/java/sk/henrichg/phoneprofilesplus/PhoneProfilesService.java
henrichg/PhoneProfilesPlus,phoneProfilesPlus/src/main/java/sk/henrichg/phoneprofilesplus/EventCalendarBroadcastReceiver.java,phoneProfilesPlus/src/main/java/sk/henrichg/phoneprofilesplus/PhoneProfilesService.java
henrichg/PhoneProfilesPlus,phoneProfilesPlus/src/main/java/sk/henrichg/phoneprofilesplus/EventPreferencesOrientation.java,phoneProfilesPlus/src/main/java/sk/henrichg/phoneprofilesplus/PhoneProfilesService.java
henrichg/PhoneProfilesPlus,phoneProfilesPlus/src/main/java/sk/henrichg/phoneprofilesplus/NFCEventEndBroadcastReceiver.java,phoneProfilesPlus/src/main/java/sk/henrichg/phoneprofilesplus/PhoneProfilesService.java
henrichg/PhoneProfilesPlus,phoneProfilesPlus/src/main/java/sk/henrichg/phoneprofilesplus/ActivateProfileFromExternalApplicationActivity.java,phoneProfilesPlus/src/main/java/sk/henrichg/phoneprofilesplus/PhoneProfilesService.java
henrichg/PhoneProfilesPlus,phoneProfilesPlus/src/main/java/sk/henrichg/phoneprofilesplus/EventDelayEndBroadcastReceiver.java,phoneProfilesPlus/src/main/java/sk/henrichg/phoneprofilesplus/PhoneProfilesService.java
henrichg/PhoneProfilesPlus,phoneProfilesPlus/src/main/java/sk/henrichg/phoneprofilesplus/EventDelayStartBroadcastReceiver.java,phoneProfilesPlus/src/main/java/sk/henrichg/phoneprofilesplus/PhoneProfilesService.java
henrichg/PhoneProfilesPlus,phoneProfilesPlus/src/main/java/sk/henrichg/phoneprofilesplus/AlarmClockBroadcastReceiver.java,phoneProfilesPlus/src/main/java/sk/henrichg/phoneprofilesplus/ActivateProfileHelper.java
henrichg/PhoneProfilesPlus,phoneProfilesPlus/src/main/java/sk/henrichg/phoneprofilesplus/DatabaseHandler.java,phoneProfilesPlus/src/main/java/sk/henrichg/phoneprofilesplus/ActivateProfileHelper.java
henrichg/PhoneProfilesPlus,phoneProfilesPlus/src/main/java/sk/henrichg/phoneprofilesplus/ContactGroupsCache.java,phoneProfilesPlus/src/main/java/sk/henrichg/phoneprofilesplus/ActivateProfileHelper.java
henrichg/PhoneProfilesPlus,phoneProfilesPlus/src/main/java/sk/henrichg/phoneprofilesplus/EventPreferencesCall.java,phoneProfilesPlus/src/main/java/sk/henrichg/phoneprofilesplus/ActivateProfileHelper.java
henrichg/PhoneProfilesPlus,phoneProfilesPlus/src/main/java/sk/henrichg/phoneprofilesplus/BluetoothLEScanCallback21.java,phoneProfilesPlus/src/main/java/sk/henrichg/phoneprofilesplus/ActivateProfileHelper.java
henrichg/PhoneProfilesPlus,phoneProfilesPlus/src/main/java/sk/henrichg/phoneprofilesplus/EventPreferencesWifi.java,phoneProfilesPlus/src/main/java/sk/henrichg/phoneprofilesplus/ActivateProfileHelper.java
henrichg/PhoneProfilesPlus,phoneProfilesPlus/src/main/java/sk/henrichg/phoneprofilesplus/EventPreferencesSMS.java,phoneProfilesPlus/src/main/java/sk/henrichg/phoneprofilesplus/ActivateProfileHelper.java
henrichg/PhoneProfilesPlus,phoneProfilesPlus/src/main/java/sk/henrichg/phoneprofilesplus/LauncherActivity.java,phoneProfilesPlus/src/main/java/sk/henrichg/phoneprofilesplus/ActivateProfileHelper.java
henrichg/PhoneProfilesPlus,phoneProfilesPlus/src/main/java/sk/henrichg/phoneprofilesplus/ProfileListWidgetProvider.java,phoneProfilesPlus/src/main/java/sk/henrichg/phoneprofilesplus/ActivateProfileHelper.java
henrichg/PhoneProfilesPlus,phoneProfilesPlus/src/main/java/sk/henrichg/phoneprofilesplus/SMSEventEndBroadcastReceiver.java,phoneProfilesPlus/src/main/java/sk/henrichg/phoneprofilesplus/ActivateProfileHelper.java
henrichg/PhoneProfilesPlus,phoneProfilesPlus/src/main/java/sk/henrichg/phoneprofilesplus/OneRowWidgetProvider.java,phoneProfilesPlus/src/main/java/sk/henrichg/phoneprofilesplus/ActivateProfileHelper.java
henrichg/PhoneProfilesPlus,phoneProfilesPlus/src/main/java/sk/henrichg/phoneprofilesplus/NotificationEventEndBroadcastReceiver.java,phoneProfilesPlus/src/main/java/sk/henrichg/phoneprofilesplus/ActivateProfileHelper.java
henrichg/PhoneProfilesPlus,phoneProfilesPlus/src/main/java/sk/henrichg/phoneprofilesplus/EventPreferencesScreen.java,phoneProfilesPlus/src/main/java/sk/henrichg/phoneprofilesplus/ActivateProfileHelper.java
henrichg/PhoneProfilesPlus,phoneProfilesPlus/src/main/java/sk/henrichg/phoneprofilesplus/EditorProfileListFragment.java,phoneProfilesPlus/src/main/java/sk/henrichg/phoneprofilesplus/ActivateProfileHelper.java
henrichg/PhoneProfilesPlus,phoneProfilesPlus/src/main/java/sk/henrichg/phoneprofilesplus/EditorEventListFragment.java,phoneProfilesPlus/src/main/java/sk/henrichg/phoneprofilesplus/ActivateProfileHelper.java
henrichg/PhoneProfilesPlus,phoneProfilesPlus/src/main/java/sk/henrichg/phoneprofilesplus/GrantPermissionActivity.java,phoneProfilesPlus/src/main/java/sk/henrichg/phoneprofilesplus/ActivateProfileHelper.java
henrichg/PhoneProfilesPlus,phoneProfilesPlus/src/main/java/sk/henrichg/phoneprofilesplus/BackgroundActivateProfileActivity.java,phoneProfilesPlus/src/main/java/sk/henrichg/phoneprofilesplus/ActivateProfileHelper.java
henrichg/PhoneProfilesPlus,phoneProfilesPlus/src/main/java/sk/henrichg/phoneprofilesplus/ProfileDurationAlarmBroadcastReceiver.java,phoneProfilesPlus/src/main/java/sk/henrichg/phoneprofilesplus/ActivateProfileHelper.java
henrichg/PhoneProfilesPlus,phoneProfilesPlus/src/main/java/sk/henrichg/phoneprofilesplus/DataWrapper.java,phoneProfilesPlus/src/main/java/sk/henrichg/phoneprofilesplus/ActivateProfileHelper.java
henrichg/PhoneProfilesPlus,phoneProfilesPlus/src/main/java/sk/henrichg/phoneprofilesplus/EventPreferencesApplication.java,phoneProfilesPlus/src/main/java/sk/henrichg/phoneprofilesplus/ActivateProfileHelper.java
henrichg/PhoneProfilesPlus,phoneProfilesPlus/src/main/java/sk/henrichg/phoneprofilesplus/TwilightScanner.java,phoneProfilesPlus/src/main/java/sk/henrichg/phoneprofilesplus/ProfilesPrefsFragment.java
henrichg/PhoneProfilesPlus,phoneProfilesPlus/src/main/java/sk/henrichg/phoneprofilesplus/WallpaperViewPreferenceX.java,phoneProfilesPlus/src/main/java/sk/henrichg/phoneprofilesplus/ProfilesPrefsFragment.java
henrichg/PhoneProfilesPlus,phoneProfilesPlus/src/main/java/sk/henrichg/phoneprofilesplus/ProfileIconPreferenceX.java,phoneProfilesPlus/src/main/java/sk/henrichg/phoneprofilesplus/ProfilesPrefsFragment.java
henrichg/PhoneProfilesPlus,phoneProfilesPlus/src/main/java/sk/henrichg/phoneprofilesplus/PhoneProfilesPrefsActivity.java,phoneProfilesPlus/src/main/java/sk/henrichg/phoneprofilesplus/ProfilesPrefsFragment.java
henrichg/PhoneProfilesPlus,phoneProfilesPlus/src/main/java/sk/henrichg/phoneprofilesplus/MobileCellsPreferenceFragmentX.java,phoneProfilesPlus/src/main/java/sk/henrichg/phoneprofilesplus/ProfilesPrefsFragment.java
henrichg/PhoneProfilesPlus,phoneProfilesPlus/src/main/java/sk/henrichg/phoneprofilesplus/PhoneProfilesPrefsFragment.java,phoneProfilesPlus/src/main/java/sk/henrichg/phoneprofilesplus/ProfilesPrefsFragment.java
henrichg/PhoneProfilesPlus,phoneProfilesPlus/src/main/java/sk/henrichg/phoneprofilesplus/NFCTagPreferenceFragmentX.java,phoneProfilesPlus/src/main/java/sk/henrichg/phoneprofilesplus/ProfilesPrefsFragment.java
henrichg/PhoneProfilesPlus,phoneProfilesPlus/src/main/java/sk/henrichg/phoneprofilesplus/RingtonePreferenceX.java,phoneProfilesPlus/src/main/java/sk/henrichg/phoneprofilesplus/ProfilesPrefsFragment.java
henrichg/PhoneProfilesPlus,phoneProfilesPlus/src/main/java/sk/henrichg/phoneprofilesplus/EventsPrefsFragment.java,phoneProfilesPlus/src/main/java/sk/henrichg/phoneprofilesplus/ProfilesPrefsFragment.java
henrichg/PhoneProfilesPlus,phoneProfilesPlus/src/main/java/sk/henrichg/phoneprofilesplus/RestartEventsWithDelayWorker.java,phoneProfilesPlus/src/main/java/sk/henrichg/phoneprofilesplus/ProfilesPrefsFragment.java
henrichg/PhoneProfilesPlus,phoneProfilesPlus/src/main/java/sk/henrichg/phoneprofilesplus/DonationBroadcastReceiver.java,phoneProfilesPlus/src/main/java/sk/henrichg/phoneprofilesplus/ProfilesPrefsFragment.java
henrichg/PhoneProfilesPlus,phoneProfilesPlus/src/main/java/sk/henrichg/phoneprofilesplus/DaysOfWeekPreferenceX.java,phoneProfilesPlus/src/main/java/sk/henrichg/phoneprofilesplus/ProfilesPrefsFragment.java
henrichg/PhoneProfilesPlus,phoneProfilesPlus/src/main/java/sk/henrichg/phoneprofilesplus/EventPreferencesScreen.java,phoneProfilesPlus/src/main/java/sk/henrichg/phoneprofilesplus/SettingsContentObserver.java
henrichg/PhoneProfilesPlus,phoneProfilesPlus/src/main/java/sk/henrichg/phoneprofilesplus/EditorProfileListFragment.java,phoneProfilesPlus/src/main/java/sk/henrichg/phoneprofilesplus/SettingsContentObserver.java
henrichg/PhoneProfilesPlus,phoneProfilesPlus/src/main/java/sk/henrichg/phoneprofilesplus/EventPreferencesSMS.java,phoneProfilesPlus/src/main/java/sk/henrichg/phoneprofilesplus/SettingsContentObserver.java
henrichg/PhoneProfilesPlus,phoneProfilesPlus/src/main/java/sk/henrichg/phoneprofilesplus/ProfileDurationAlarmBroadcastReceiver.java,phoneProfilesPlus/src/main/java/sk/henrichg/phoneprofilesplus/SettingsContentObserver.java
henrichg/PhoneProfilesPlus,phoneProfilesPlus/src/main/java/sk/henrichg/phoneprofilesplus/DataWrapper.java,phoneProfilesPlus/src/main/java/sk/henrichg/phoneprofilesplus/SettingsContentObserver.java
henrichg/PhoneProfilesPlus,phoneProfilesPlus/src/main/java/sk/henrichg/phoneprofilesplus/EditorEventListFragment.java,phoneProfilesPlus/src/main/java/sk/henrichg/phoneprofilesplus/SettingsContentObserver.java
henrichg/PhoneProfilesPlus,phoneProfilesPlus/src/main/java/sk/henrichg/phoneprofilesplus/GrantPermissionActivity.java,phoneProfilesPlus/src/main/java/sk/henrichg/phoneprofilesplus/SettingsContentObserver.java
henrichg/PhoneProfilesPlus,phoneProfilesPlus/src/main/java/sk/henrichg/phoneprofilesplus/NotificationEventEndBroadcastReceiver.java,phoneProfilesPlus/src/main/java/sk/henrichg/phoneprofilesplus/SettingsContentObserver.java
henrichg/PhoneProfilesPlus,phoneProfilesPlus/src/main/java/sk/henrichg/phoneprofilesplus/SMSEventEndBroadcastReceiver.java,phoneProfilesPlus/src/main/java/sk/henrichg/phoneprofilesplus/SettingsContentObserver.java
henrichg/PhoneProfilesPlus,phoneProfilesPlus/src/main/java/sk/henrichg/phoneprofilesplus/EventPreferencesApplication.java,phoneProfilesPlus/src/main/java/sk/henrichg/phoneprofilesplus/SettingsContentObserver.java
henrichg/PhoneProfilesPlus,phoneProfilesPlus/src/main/java/sk/henrichg/phoneprofilesplus/OneRowWidgetProvider.java,phoneProfilesPlus/src/main/java/sk/henrichg/phoneprofilesplus/SettingsContentObserver.java
henrichg/PhoneProfilesPlus,phoneProfilesPlus/src/main/java/sk/henrichg/phoneprofilesplus/AlarmClockBroadcastReceiver.java,phoneProfilesPlus/src/main/java/sk/henrichg/phoneprofilesplus/SettingsContentObserver.java
henrichg/PhoneProfilesPlus,phoneProfilesPlus/src/main/java/sk/henrichg/phoneprofilesplus/BackgroundActivateProfileActivity.java,phoneProfilesPlus/src/main/java/sk/henrichg/phoneprofilesplus/SettingsContentObserver.java
henrichg/PhoneProfilesPlus,phoneProfilesPlus/src/main/java/sk/henrichg/phoneprofilesplus/BluetoothLEScanCallback21.java,phoneProfilesPlus/src/main/java/sk/henrichg/phoneprofilesplus/SettingsContentObserver.java
henrichg/PhoneProfilesPlus,phoneProfilesPlus/src/main/java/sk/henrichg/phoneprofilesplus/LauncherActivity.java,phoneProfilesPlus/src/main/java/sk/henrichg/phoneprofilesplus/SettingsContentObserver.java
henrichg/PhoneProfilesPlus,phoneProfilesPlus/src/main/java/sk/henrichg/phoneprofilesplus/EventPreferencesWifi.java,phoneProfilesPlus/src/main/java/sk/henrichg/phoneprofilesplus/SettingsContentObserver.java
henrichg/PhoneProfilesPlus,phoneProfilesPlus/src/main/java/sk/henrichg/phoneprofilesplus/ContactGroupsCache.java,phoneProfilesPlus/src/main/java/sk/henrichg/phoneprofilesplus/SettingsContentObserver.java
henrichg/PhoneProfilesPlus,phoneProfilesPlus/src/main/java/sk/henrichg/phoneprofilesplus/ProfileListWidgetProvider.java,phoneProfilesPlus/src/main/java/sk/henrichg/phoneprofilesplus/SettingsContentObserver.java
henrichg/PhoneProfilesPlus,phoneProfilesPlus/src/main/java/sk/henrichg/phoneprofilesplus/DatabaseHandler.java,phoneProfilesPlus/src/main/java/sk/henrichg/phoneprofilesplus/SettingsContentObserver.java
henrichg/PhoneProfilesPlus,phoneProfilesPlus/src/main/java/sk/henrichg/phoneprofilesplus/EventPreferencesCall.java,phoneProfilesPlus/src/main/java/sk/henrichg/phoneprofilesplus/SettingsContentObserver.java
henrichg/PhoneProfilesPlus,phoneProfilesPlus/src/main/java/sk/henrichg/phoneprofilesplus/CheckRequiredExtenderReleasesBroadcastReceiver.java,phoneProfilesPlus/src/main/java/sk/henrichg/phoneprofilesplus/SimStateChangedBroadcastReceiver.java
henrichg/PhoneProfilesPlus,phoneProfilesPlus/src/main/java/sk/henrichg/phoneprofilesplus/RunApplicationsDialogPreferenceFragmentX.java,phoneProfilesPlus/src/main/java/sk/henrichg/phoneprofilesplus/SimStateChangedBroadcastReceiver.java
henrichg/PhoneProfilesPlus,phoneProfilesPlus/src/main/java/sk/henrichg/phoneprofilesplus/RunApplicationEditorDialogX.java,phoneProfilesPlus/src/main/java/sk/henrichg/phoneprofilesplus/SimStateChangedBroadcastReceiver.java
henrichg/PhoneProfilesPlus,phoneProfilesPlus/src/main/java/sk/henrichg/phoneprofilesplus/LocationGeofenceEditorActivityOSM.java,phoneProfilesPlus/src/main/java/sk/henrichg/phoneprofilesplus/SimStateChangedBroadcastReceiver.java
henrichg/PhoneProfilesPlus,phoneProfilesPlus/src/main/java/sk/henrichg/phoneprofilesplus/TileChooserActivity.java,phoneProfilesPlus/src/main/java/sk/henrichg/phoneprofilesplus/SimStateChangedBroadcastReceiver.java
henrichg/PhoneProfilesPlus,phoneProfilesPlus/src/main/java/sk/henrichg/phoneprofilesplus/PhoneCallsListener.java,phoneProfilesPlus/src/main/java/sk/henrichg/phoneprofilesplus/SimStateChangedBroadcastReceiver.java
henrichg/PhoneProfilesPlus,phoneProfilesPlus/src/main/java/sk/henrichg/phoneprofilesplus/CheckPPPReleasesBroadcastReceiver.java,phoneProfilesPlus/src/main/java/sk/henrichg/phoneprofilesplus/SimStateChangedBroadcastReceiver.java
henrichg/PhoneProfilesPlus,phoneProfilesPlus/src/main/java/sk/henrichg/phoneprofilesplus/EventPreferencesSoundProfile.java,phoneProfilesPlus/src/main/java/sk/henrichg/phoneprofilesplus/SimStateChangedBroadcastReceiver.java
henrichg/PhoneProfilesPlus,phoneProfilesPlus/src/main/java/sk/henrichg/phoneprofilesplus/RunApplicationsDialogPreferenceX.java,phoneProfilesPlus/src/main/java/sk/henrichg/phoneprofilesplus/SimStateChangedBroadcastReceiver.java
henrichg/PhoneProfilesPlus,phoneProfilesPlus/src/main/java/sk/henrichg/phoneprofilesplus/LocationScannerSwitchGPSBroadcastReceiver.java,phoneProfilesPlus/src/main/java/sk/henrichg/phoneprofilesplus/SimStateChangedBroadcastReceiver.java
henrichg/PhoneProfilesPlus,phoneProfilesPlus/src/main/java/sk/henrichg/phoneprofilesplus/CheckCriticalPPPReleasesBroadcastReceiver.java,phoneProfilesPlus/src/main/java/sk/henrichg/phoneprofilesplus/SimStateChangedBroadcastReceiver.java
henrichg/PhoneProfilesPlus,phoneProfilesPlus/src/main/java/sk/henrichg/phoneprofilesplus/CalendarEventExistsCheckBroadcastReceiver.java,phoneProfilesPlus/src/main/java/sk/henrichg/phoneprofilesplus/SimStateChangedBroadcastReceiver.java
henrichg/PhoneProfilesPlus,phoneProfilesPlus/src/main/java/sk/henrichg/phoneprofilesplus/ProfileIconPreferenceX.java,phoneProfilesPlus/src/main/java/sk/henrichg/phoneprofilesplus/BrightnessDialogPreferenceFragmentX.java
henrichg/PhoneProfilesPlus,phoneProfilesPlus/src/main/java/sk/henrichg/phoneprofilesplus/MobileCellsPreferenceFragmentX.java,phoneProfilesPlus/src/main/java/sk/henrichg/phoneprofilesplus/BrightnessDialogPreferenceFragmentX.java
henrichg/PhoneProfilesPlus,phoneProfilesPlus/src/main/java/sk/henrichg/phoneprofilesplus/PhoneProfilesPrefsActivity.java,phoneProfilesPlus/src/main/java/sk/henrichg/phoneprofilesplus/BrightnessDialogPreferenceFragmentX.java
henrichg/PhoneProfilesPlus,phoneProfilesPlus/src/main/java/sk/henrichg/phoneprofilesplus/DonationBroadcastReceiver.java,phoneProfilesPlus/src/main/java/sk/henrichg/phoneprofilesplus/BrightnessDialogPreferenceFragmentX.java
henrichg/PhoneProfilesPlus,phoneProfilesPlus/src/main/java/sk/henrichg/phoneprofilesplus/RingtonePreferenceX.java,phoneProfilesPlus/src/main/java/sk/henrichg/phoneprofilesplus/BrightnessDialogPreferenceFragmentX.java
henrichg/PhoneProfilesPlus,phoneProfilesPlus/src/main/java/sk/henrichg/phoneprofilesplus/DaysOfWeekPreferenceX.java,phoneProfilesPlus/src/main/java/sk/henrichg/phoneprofilesplus/BrightnessDialogPreferenceFragmentX.java
henrichg/PhoneProfilesPlus,phoneProfilesPlus/src/main/java/sk/henrichg/phoneprofilesplus/NFCTagPreferenceFragmentX.java,phoneProfilesPlus/src/main/java/sk/henrichg/phoneprofilesplus/BrightnessDialogPreferenceFragmentX.java
henrichg/PhoneProfilesPlus,phoneProfilesPlus/src/main/java/sk/henrichg/phoneprofilesplus/RestartEventsWithDelayWorker.java,phoneProfilesPlus/src/main/java/sk/henrichg/phoneprofilesplus/BrightnessDialogPreferenceFragmentX.java
henrichg/PhoneProfilesPlus,phoneProfilesPlus/src/main/java/sk/henrichg/phoneprofilesplus/WallpaperViewPreferenceX.java,phoneProfilesPlus/src/main/java/sk/henrichg/phoneprofilesplus/BrightnessDialogPreferenceFragmentX.java
henrichg/PhoneProfilesPlus,phoneProfilesPlus/src/main/java/sk/henrichg/phoneprofilesplus/EventsPrefsFragment.java,phoneProfilesPlus/src/main/java/sk/henrichg/phoneprofilesplus/BrightnessDialogPreferenceFragmentX.java
henrichg/PhoneProfilesPlus,phoneProfilesPlus/src/main/java/sk/henrichg/phoneprofilesplus/PhoneProfilesPrefsFragment.java,phoneProfilesPlus/src/main/java/sk/henrichg/phoneprofilesplus/BrightnessDialogPreferenceFragmentX.java
henrichg/PhoneProfilesPlus,phoneProfilesPlus/src/main/java/sk/henrichg/phoneprofilesplus/TwilightScanner.java,phoneProfilesPlus/src/main/java/sk/henrichg/phoneprofilesplus/BrightnessDialogPreferenceFragmentX.java
spring-projects/spring-boot,spring-boot-project/spring-boot-autoconfigure/src/main/java/org/springframework/boot/autoconfigure/condition/ConditionalOnClass.java,spring-boot-project/spring-boot-tools/spring-boot-loader/src/main/java/org/springframework/boot/loader/jar/JarFile.java
spring-projects/spring-boot,spring-boot-project/spring-boot-autoconfigure/src/main/java/org/springframework/boot/autoconfigure/condition/ConditionalOnClass.java,spring-boot-project/spring-boot-tools/spring-boot-loader/src/main/java/org/springframework/boot/loader/jar/JarURLConnection.java
paulscherrerinstitute/pshell,src/main/java/ch/psi/pshell/ui/ScriptProcessor.java,src/main/java/ch/psi/pshell/xscan/Acquisition.java
paulscherrerinstitute/pshell,src/main/java/ch/psi/pshell/ui/ScriptProcessor.java,src/main/java/ch/psi/pshell/xscan/ProcessorXScan.java
languagetool-org/languagetool,languagetool-language-modules/de/src/main/java/org/languagetool/language/German.java,languagetool-language-modules/de/src/main/java/org/languagetool/rules/de/VerbAgreementRule.java
